{"Accuracy":{"0":0.3692307692},"Macro Precision":{"0":0.6829896907},"Macro Recall":{"0":0.5040322581},"Macro F1":{"0":0.580021012098}}