{"Accuracy":{"0":0.3184079602},"Macro Precision":{"0":0.1592039801},"Macro Recall":{"0":0.5},"Macro F1":{"0":0.241509434}}