{"Accuracy":{"0":0.3718592965},"Macro Precision":{"0":0.1859296482},"Macro Recall":{"0":0.5},"Macro F1":{"0":0.2710622711}}