{"Accuracy":{"0":0.6464646465},"Macro Precision":{"0":0.3232323232},"Macro Recall":{"0":0.5},"Macro F1":{"0":0.3926380368}}