{"Accuracy":{"0":0.7210526316},"Macro Precision":{"0":0.3605263158},"Macro Recall":{"0":0.5},"Macro F1":{"0":0.4189602446}}